{
  "vol_state": {
    "ETH": {
      "max_ratio_last30_1h": [
        0.3098002437766438,
        0.3191972881336112,
        0.3179895901261578,
        0.3108355674491877,
        0.3218107525246433,
        0.31098037745498497,
        0.33505227242092817,
        0.3148176763691667,
        0.30725548404332664,
        0.30282906986848096,
        0.29451793842071144,
        0.28119904360339115,
        0.2705398716849851,
        0.26081818360451026,
        0.27140679054763084,
        0.27033603092118685,
        0.2612842896603731,
        0.26560472768384463,
        0.2730872578888078,
        0.26755801885629854,
        0.27558252495220675,
        0.2757717794692226,
        0.2692977110983522,
        0.2654267324683278,
        0.2647015476491568,
        0.2715758268584252,
        0.28219337339683936,
        0.27586006416114184,
        0.27064125124271243,
        0.2596415913011896
      ],
      "max_ratio_last30_4h": [
        0.12526051090322718,
        0.1220528392222972,
        0.11681191541143784,
        0.11072362769605767,
        0.1234096649364581,
        0.13002783377879526,
        0.13333920989352,
        0.20615166072033692,
        0.1997631699959304,
        0.1972846285019677,
        0.20059912230385155,
        0.20065972899940993,
        0.20689542141211037,
        0.21936675134142636,
        0.2138648761479091,
        0.2169472109518231,
        0.21078066945159168,
        0.1988064686566654,
        0.19087910043887513,
        0.19894810478157915,
        0.19518298260311512,
        0.19135709512106402,
        0.19105413646645591,
        0.184301346532167,
        0.17498373065092537,
        0.17400479228561472,
        0.1704949310332553,
        0.16825650813888066,
        0.162606378573525,
        0.1526240955825757
      ],
      "max_ratio_last30_1d": [
        0.07649578563235987,
        0.07615551961389416,
        0.07554167907678884,
        0.07524118020664874,
        0.07113788230807175,
        0.06915916192482618,
        0.06676688423474215,
        0.06902903899216266,
        0.07036597007095886,
        0.0690031213870468,
        0.07116201331002849,
        0.07399654615453469,
        0.07548513859138063,
        0.0744726687290059,
        0.07329561373448325,
        0.07539814605574881,
        0.0737392738391134,
        0.07201888270624247,
        0.07333643198731385,
        0.07667184484911295,
        0.0723742750599873,
        0.06947404975313334,
        0.06543595740156506,
        0.06562158736254231,
        0.0638199064953781,
        0.06594085183739576,
        0.07918243970870763,
        0.07808348010799024,
        0.07556692469189533,
        0.07122820972520578
      ]
    },
    "ETH": {
      "max_ratio_last30_1h": [
        0.18560437859316098,
        0.1845386401722609,
        0.18896480949978706,
        0.18980163635802794,
        0.19522706466356238,
        0.18840775378713537,
        0.21639367625682196,
        0.21014982839011462,
        0.20634751328490097,
        0.20036615284825926,
        0.19523211243125072,
        0.18708512769430874,
        0.18239549994200682,
        0.1812098112904016,
        0.18468630765035188,
        0.1913954116432894,
        0.18653181659151294,
        0.1814582443308754,
        0.17836778361361824,
        0.1785068471745133,
        0.18695197825484366,
        0.18878983627631124,
        0.18319512961642112,
        0.17869256548858703,
        0.179928561327993,
        0.1929180625266702,
        0.21694122950612132,
        0.22668145732027076,
        0.22749655620436815,
        0.21887299185622436
      ],
      "max_ratio_last30_4h": [
        0.11820424606802915,
        0.1292429442096764,
        0.13202668367095138,
        0.1282296638537754,
        0.14082320121298067,
        0.1368921798379607,
        0.13592107786677637,
        0.1427000981741463,
        0.13914868302346717,
        0.13447681779042311,
        0.13475230787760642,
        0.13933760054102742,
        0.1473091319047511,
        0.1493189269119439,
        0.13931334885723895,
        0.1328650984226724,
        0.12695393594886073,
        0.12027573175429404,
        0.11564702756655691,
        0.1139691485702953,
        0.10810878831552195,
        0.10581592761236405,
        0.1079755164561462,
        0.11048233823309841,
        0.10575400688496413,
        0.11053616406734594,
        0.1064409611204806,
        0.10687909319857469,
        0.11257422412429395,
        0.10733526677392832
      ],
      "max_ratio_last30_1d": [
        0.04445610922214559,
        0.0426685148394559,
        0.042286746703266834,
        0.04172192961147653,
        0.049791420612859,
        0.0553023175331027,
        0.056271236177477854,
        0.05906478075546646,
        0.06231400002839799,
        0.06437406209734685,
        0.06636686334586271,
        0.06786708365706882,
        0.06614663057044308,
        0.0647571206694047,
        0.06860739155257599,
        0.06890032273050199,
        0.06790216775363868,
        0.06697292467822202,
        0.06333141528064615,
        0.0695060662530493,
        0.06491478348014997,
        0.061664295157135965,
        0.05814544233110392,
        0.05805708746439512,
        0.05487060711913693,
        0.05687500748507965,
        0.05888185922647848,
        0.056175156131991553,
        0.05349415561370213,
        0.05137469210611863
      ]
    }
  },
  "bb_series": {
    "1h": {
      "bb_width_last20": [
        0.05040186823188796,
        0.053107594749043426,
        0.05447132200169067,
        0.05811728281569649,
        0.05815403433279758,
        0.05696625244452362,
        0.05625361855220339,
        0.05190742607961207,
        0.048985790293303924,
        0.04230354180099474,
        0.03170529014633112,
        0.02682147785805876,
        0.023521332090995422,
        0.02276588223841293,
        0.02275962505941103,
        0.022685025359454842,
        0.023136694762413004,
        0.023735672755087717,
        0.024133038040099322,
        0.02376739041235838
      ]
    },
    "4h": {
      "bb_width_last20": [
        0.1435115910040046,
        0.1588840784093104,
        0.17760271400848676,
        0.19695733206193916,
        0.21000593933886605,
        0.22458363496633335,
        0.22804549789394882,
        0.22770150454968302,
        0.2299277433178671,
        0.23363442627174336,
        0.23112307118397152,
        0.22722121933101863,
        0.2150600459697101,
        0.1950104817562516,
        0.18063886213988686,
        0.17101047964964977,
        0.13734600840753494,
        0.13130059733773533,
        0.12169851871999618,
        0.09128252218038138
      ]
    },
    "1d": {
      "bb_width_last20": [
        0.2833023805411501,
        0.27453700871030756,
        0.2679941040865606,
        0.2653464032906496,
        0.2655229439922315,
        0.2659760094774438,
        0.2675134597153668,
        0.27469878073635134,
        0.2806334946883943,
        0.25171279270614766,
        0.23355728576384202,
        0.21984474823735414,
        0.20040066431009948,
        0.1586531230607852,
        0.1456959235231576,
        0.1468423927398555,
        0.16722430378182707,
        0.19847599058276053,
        0.21880130946485166,
        0.23284593064930018
      ]
    }
  }
}